{
  "config": {
    "competitions": [
      "ENG-Premier League",
      "ESP-La Liga",
      "ITA-Serie A",
      "GER-Bundesliga",
      "FRA-Ligue 1",
      "ENG-Championship",
      "NED-Eredivisie",
      "POR-Liga Portugal",
      "BRA-Serie A"
    ],
    "half_life_days": 365.0,
    "freq": "W",
    "min_train": 760,
    "start_season": "1920",
    "kelly_cap": 0.05,
    "devig_method": "shin",
    "max_ev": 0.15,
    "ran_at": "2026-07-14T15:08:23.344416"
  },
  "leagues": {
    "ENG-Premier League": {
      "n_predictions": 2654,
      "model_logloss_home": 0.6151191480551079,
      "market_logloss_home": 0.5967448923320092,
      "model_brier_home": 0.21258246808531417,
      "market_brier_home": 0.20557941192628135,
      "model_beats_market_logloss": false,
      "bets": {
        "n_bets": 908.0,
        "roi": 0.013015315738506476,
        "yield_per_bet": 0.02255506607929516,
        "hit_rate": 0.3755506607929515,
        "sharpe": 0.013699546936163823,
        "max_drawdown": 0.31757083254623497,
        "total_pnl": 0.17828183955092305,
        "avg_ev": 0.08421790764977607
      }
    },
    "ESP-La Liga": {
      "n_predictions": 2655,
      "model_logloss_home": 0.6247451834944519,
      "market_logloss_home": 0.6064429549253427,
      "model_brier_home": 0.21657780607310603,
      "market_brier_home": 0.20908409897698588,
      "model_beats_market_logloss": false,
      "bets": {
        "n_bets": 1023.0,
        "roi": 0.028769959731451186,
        "yield_per_bet": -0.029716520039100677,
        "hit_rate": 0.364613880742913,
        "sharpe": -0.020327359713961324,
        "max_drawdown": 0.2699111419698399,
        "total_pnl": 0.3996673959862034,
        "avg_ev": 0.08345961525296253
      }
    },
    "ITA-Serie A": {
      "n_predictions": 2650,
      "model_logloss_home": 0.6026152622028434,
      "market_logloss_home": 0.5830112577975256,
      "model_brier_home": 0.20748387090686213,
      "market_brier_home": 0.19965907908564343,
      "model_beats_market_logloss": false,
      "bets": {
        "n_bets": 1007.0,
        "roi": -0.033096342597268145,
        "yield_per_bet": -0.06986097318768619,
        "hit_rate": 0.34756703078450846,
        "sharpe": -0.04654436251546272,
        "max_drawdown": 0.6744267227596097,
        "total_pnl": -0.45793464257638006,
        "avg_ev": 0.08410420373115171
      }
    },
    "GER-Bundesliga": {
      "n_predictions": 2134,
      "model_logloss_home": 0.635754506543016,
      "market_logloss_home": 0.608892346151065,
      "model_brier_home": 0.21940413433996658,
      "market_brier_home": 0.21017658445742196,
      "model_beats_market_logloss": false,
      "bets": {
        "n_bets": 880.0,
        "roi": -0.03540245904563117,
        "yield_per_bet": -0.02784090909090909,
        "hit_rate": 0.36022727272727273,
        "sharpe": -0.018464209433495516,
        "max_drawdown": 0.9132135599663324,
        "total_pnl": -0.4600751252987364,
        "avg_ev": 0.08287357907084393
      }
    },
    "FRA-Ligue 1": {
      "n_predictions": 2330,
      "model_logloss_home": 0.6279925354307105,
      "market_logloss_home": 0.6108296634951152,
      "model_brier_home": 0.2190765575841453,
      "market_brier_home": 0.21179346182534356,
      "model_beats_market_logloss": false,
      "bets": {
        "n_bets": 833.0,
        "roi": -0.13076829062600753,
        "yield_per_bet": -0.1249939975990396,
        "hit_rate": 0.3241296518607443,
        "sharpe": -0.08836436094042095,
        "max_drawdown": 1.4984153060477874,
        "total_pnl": -1.5172630537972447,
        "avg_ev": 0.08546263947481875
      }
    },
    "ENG-Championship": {
      "n_predictions": 3851,
      "model_logloss_home": 0.6665336052586783,
      "market_logloss_home": 0.6498271751730196,
      "model_brier_home": 0.23568073940811657,
      "market_brier_home": 0.22907269554619097,
      "model_beats_market_logloss": false,
      "bets": {
        "n_bets": 1196.0,
        "roi": -0.05299343292285474,
        "yield_per_bet": -0.0015969899665551825,
        "hit_rate": 0.3528428093645485,
        "sharpe": -0.0010668502760534178,
        "max_drawdown": 1.0467640784257104,
        "total_pnl": -0.9777293049811563,
        "avg_ev": 0.0972434589296143
      }
    },
    "NED-Eredivisie": {
      "n_predictions": 2064,
      "model_logloss_home": 0.6002450106512479,
      "market_logloss_home": 0.5754680383074886,
      "model_brier_home": 0.20631587563342763,
      "market_brier_home": 0.19666078199065512,
      "model_beats_market_logloss": false,
      "bets": {
        "n_bets": 659.0,
        "roi": -0.05277986364868927,
        "yield_per_bet": -0.031259484066767824,
        "hit_rate": 0.38543247344461307,
        "sharpe": -0.0208245824582402,
        "max_drawdown": 0.8054331988957301,
        "total_pnl": -0.6668644121667663,
        "avg_ev": 0.09610205007337663
      }
    },
    "POR-Liga Portugal": {
      "n_predictions": 2134,
      "model_logloss_home": 0.5789793557561841,
      "market_logloss_home": 0.5614914463120767,
      "model_brier_home": 0.19757546064017562,
      "market_brier_home": 0.19106711108722452,
      "model_beats_market_logloss": false,
      "bets": {
        "n_bets": 615.0,
        "roi": -0.07797450701181025,
        "yield_per_bet": -0.12796747967479674,
        "hit_rate": 0.31869918699186994,
        "sharpe": -0.08271629303612617,
        "max_drawdown": 0.8259374856587698,
        "total_pnl": -0.7461215120770879,
        "avg_ev": 0.0950409532768899
      }
    },
    "BRA-Serie A": {
      "n_predictions": 4722,
      "model_logloss_home": 0.6698453817374516,
      "market_logloss_home": 0.6493103431499844,
      "model_brier_home": 0.23828054645007749,
      "market_brier_home": 0.2291686435144969,
      "model_beats_market_logloss": false,
      "bets": {
        "n_bets": 1585.0,
        "roi": -0.027376474952609055,
        "yield_per_bet": -0.04372239747634069,
        "hit_rate": 0.350788643533123,
        "sharpe": -0.029541329307103913,
        "max_drawdown": 0.8231680034693435,
        "total_pnl": -0.5859410363572377,
        "avg_ev": 0.08645803346688445
      }
    }
  },
  "overall": {
    "n_bets": 8706.0,
    "roi": -0.03774156837973878,
    "yield_per_bet": -0.043579140822421314,
    "hit_rate": 0.3536641396737882,
    "sharpe": -0.028976696498660345,
    "max_drawdown": 3.0221535156246233,
    "total_pnl": -4.8339798517174835,
    "avg_ev": 0.08796022342756568,
    "significance": {
      "n": 8706.0,
      "mean": -0.043579140822421314,
      "std": 1.503937511456355,
      "ci95_low": -0.07540756374913853,
      "ci95_high": -0.011881575924649695,
      "p_value": 0.9965647123102788,
      "p_value_bootstrap": 0.9974002599740026
    },
    "monte_carlo": {
      "final_q05": 3180.89823636907,
      "final_q25": 16399.698449827312,
      "final_q50": 51420.038511460094,
      "final_q75": 166466.1626471079,
      "final_q95": 933841.0601698693,
      "final_mean": 237164.4335526884,
      "prob_ruin": 0.0,
      "expected_max_drawdown": 0.47881205511960634,
      "n_bets": 8706.0,
      "n_paths": 10000.0
    }
  },
  "verdict": "O MODELO NAO BATE O MERCADO: yield <= 0 no backtest. NAO use este sistema para apostar."
}